{"ok":true,"result":[{"update_id":644608397,
"my_chat_member":{"chat":{"id":-993307818,"title":"Wendy Gifts","type":"group","all_members_are_administrators":true},"from":{"id":457980948,"is_bot":false,"first_name":"\u041a\u0438\u0440\u0438\u043b\u043b","last_name":"\u041c\u0430\u0440\u0441","username":"marstut","language_code":"ru","is_premium":true},"date":1688501224,"old_chat_member":{"user":{"id":6299454463,"is_bot":true,"first_name":"daily_wendy_gift","username":"daily_wendy_gift_bot"},"status":"left"},"new_chat_member":{"user":{"id":6299454463,"is_bot":true,"first_name":"daily_wendy_gift","username":"daily_wendy_gift_bot"},"status":"member"}}},{"update_id":644608398,
"message":{"message_id":2,"from":{"id":457980948,"is_bot":false,"first_name":"\u041a\u0438\u0440\u0438\u043b\u043b","last_name":"\u041c\u0430\u0440\u0441","username":"marstut","language_code":"ru","is_premium":true},"chat":{"id":-993307818,"title":"Wendy Gifts","type":"group","all_members_are_administrators":true},"date":1688501224,"new_chat_participant":{"id":6299454463,"is_bot":true,"first_name":"daily_wendy_gift","username":"daily_wendy_gift_bot"},"new_chat_member":{"id":6299454463,"is_bot":true,"first_name":"daily_wendy_gift","username":"daily_wendy_gift_bot"},"new_chat_members":[{"id":6299454463,"is_bot":true,"first_name":"daily_wendy_gift","username":"daily_wendy_gift_bot"}]}},{"update_id":644608399,
"my_chat_member":{"chat":{"id":-1001830439757,"title":"Wendy Gifts","type":"supergroup"},"from":{"id":457980948,"is_bot":false,"first_name":"\u041a\u0438\u0440\u0438\u043b\u043b","last_name":"\u041c\u0430\u0440\u0441","username":"marstut","language_code":"ru","is_premium":true},"date":1688501474,"old_chat_member":{"user":{"id":6299454463,"is_bot":true,"first_name":"daily_wendy_gift","username":"daily_wendy_gift_bot"},"status":"left"},"new_chat_member":{"user":{"id":6299454463,"is_bot":true,"first_name":"daily_wendy_gift","username":"daily_wendy_gift_bot"},"status":"member"}}},{"update_id":644608400,
"message":{"message_id":3,"from":{"id":457980948,"is_bot":false,"first_name":"\u041a\u0438\u0440\u0438\u043b\u043b","last_name":"\u041c\u0430\u0440\u0441","username":"marstut","language_code":"ru","is_premium":true},"chat":{"id":-993307818,"title":"Wendy Gifts","type":"group","all_members_are_administrators":false},"date":1688501474,"migrate_to_chat_id":-1001830439757}},{"update_id":644608401,
"message":{"message_id":1,"from":{"id":1087968824,"is_bot":true,"first_name":"Group","username":"GroupAnonymousBot"},"sender_chat":{"id":-1001830439757,"title":"Wendy Gifts","type":"supergroup"},"chat":{"id":-1001830439757,"title":"Wendy Gifts","type":"supergroup"},"date":1688501474,"migrate_from_chat_id":-993307818}},{"update_id":644608402,
"my_chat_member":{"chat":{"id":-1001830439757,"title":"Wendy Gifts","type":"supergroup"},"from":{"id":457980948,"is_bot":false,"first_name":"\u041a\u0438\u0440\u0438\u043b\u043b","last_name":"\u041c\u0430\u0440\u0441","username":"marstut","language_code":"ru","is_premium":true},"date":1688501475,"old_chat_member":{"user":{"id":6299454463,"is_bot":true,"first_name":"daily_wendy_gift","username":"daily_wendy_gift_bot"},"status":"member"},"new_chat_member":{"user":{"id":6299454463,"is_bot":true,"first_name":"daily_wendy_gift","username":"daily_wendy_gift_bot"},"status":"administrator","can_be_edited":false,"can_manage_chat":true,"can_change_info":true,"can_delete_messages":true,"can_invite_users":true,"can_restrict_members":true,"can_pin_messages":true,"can_manage_topics":false,"can_promote_members":false,"can_manage_video_chats":true,"is_anonymous":true,"can_manage_voice_chats":true,"custom_title":"Gift bot"}}}]}